train/loss_sparsity,train_params/lambda_sparsity,lr-Adam/f_dc,lr-Adam/opacity,train/loss_opaque,epoch,train_params/lambda_opaque,lr-Adam/xyz,lr-Adam/rotation,lr-Adam/f_rest,train_params/lambda_sds,lr-Adam/scaling,step
,,0.0125,0.01,,,,0.00023208055753404927,0.001,0.000625,,0.005,0
0.1391737014055252,1.0,,,0.05244837701320648,0,0.0,,,,1.0,,0
,,0.0125,0.01,,,,0.00023208055753404938,0.001,0.000625,,0.005,1
0.1385609358549118,1.0,,,0.03861333429813385,0,0.0,,,,1.0,,1
,,0.0125,0.01,,,,0.00023207519539652488,0.001,0.000625,,0.005,2
0.14293718338012695,1.0,,,0.08989585936069489,0,0.0,,,,1.0,,2
,,0.0125,0.01,,,,0.00023206983338289064,0.001,0.000625,,0.005,3
0.14282634854316711,1.0,,,0.06403489410877228,0,0.0,,,,1.0,,3
,,0.0125,0.01,,,,0.0002320644714931438,0.001,0.000625,,0.005,4
0.13937661051750183,1.0,,,0.08975568413734436,0,0.0,,,,1.0,,4
,,0.0125,0.01,,,,0.00023205910972728147,0.001,0.000625,,0.005,5
0.14751434326171875,1.0,,,0.06687502562999725,0,0.0,,,,1.0,,5
,,0.0125,0.01,,,,0.0002320537480853008,0.001,0.000625,,0.005,6
0.1282610446214676,1.0,,,0.04647897928953171,0,0.0,,,,1.0,,6
,,0.0125,0.01,,,,0.00023204838656719893,0.001,0.000625,,0.005,7
0.11838243156671524,1.0,,,0.03253763169050217,0,0.0,,,,1.0,,7
,,0.0125,0.01,,,,0.00023204302517297303,0.001,0.000625,,0.005,8
0.11664663255214691,1.0,,,0.03206159919500351,0,0.0,,,,1.0,,8
,,0.0125,0.01,,,,0.00023203766390261977,0.001,0.000625,,0.005,9
0.11584547907114029,1.0,,,0.028907477855682373,0,0.0,,,,1.0,,9
,,0.0125,0.01,,,,0.00023203230275613756,0.001,0.000625,,0.005,10
0.15091121196746826,1.0,,,0.06541755795478821,0,0.0,,,,1.0,,10
,,0.0125,0.01,,,,0.00023202694173352228,0.001,0.000625,,0.005,11
0.16500207781791687,1.0,,,0.0940748080611229,0,0.0,,,,1.0,,11
,,0.0125,0.01,,,,0.0002320215808347715,0.001,0.000625,,0.005,12
0.13426829874515533,1.0,,,0.055692337453365326,0,0.0,,,,1.0,,12
,,0.0125,0.01,,,,0.00023201622005988235,0.001,0.000625,,0.005,13
0.14954157173633575,1.0,,,0.09135684370994568,0,0.0,,,,1.0,,13
,,0.0125,0.01,,,,0.00023201085940885156,0.001,0.000625,,0.005,14
0.15718546509742737,1.0,,,0.08825448155403137,0,0.0,,,,1.0,,14
,,0.0125,0.01,,,,0.0002320054988816771,0.001,0.000625,,0.005,15
0.15241965651512146,1.0,,,0.07690228521823883,0,0.0,,,,1.0,,15
,,0.0125,0.01,,,,0.0002320001384783561,0.001,0.000625,,0.005,16
0.13834600150585175,1.0,,,0.054205723106861115,0,0.0,,,,1.0,,16
,,0.0125,0.01,,,,0.00023199477819888485,0.001,0.000625,,0.005,17
0.1350090503692627,1.0,,,0.04168952256441116,0,0.0,,,,1.0,,17
,,0.0125,0.01,,,,0.00023198941804326091,0.001,0.000625,,0.005,18
0.14562854170799255,1.0,,,0.11249241232872009,0,0.0,,,,1.0,,18
,,0.0125,0.01,,,,0.00023198405801148146,0.001,0.000625,,0.005,19
0.14570578932762146,1.0,,,0.0788077712059021,0,0.0,,,,1.0,,19
,,0.0125,0.01,,,,0.00023197869810354362,0.001,0.000625,,0.005,20
0.10302843153476715,1.0,,,0.014151006937026978,0,0.0,,,,1.0,,20
,,0.0125,0.01,,,,0.0002319733383194445,0.001,0.000625,,0.005,21
0.12661024928092957,1.0,,,0.053003374487161636,0,0.0,,,,1.0,,21
,,0.0125,0.01,,,,0.00023196797865918125,0.001,0.000625,,0.005,22
0.12714366614818573,1.0,,,0.04894978553056717,0,0.0,,,,1.0,,22
,,0.0125,0.01,,,,0.00023196261912275103,0.001,0.000625,,0.005,23
0.12644711136817932,1.0,,,0.03857746720314026,0,0.0,,,,1.0,,23
,,0.0125,0.01,,,,0.00023195725971015096,0.001,0.000625,,0.005,24
0.11141767352819443,1.0,,,0.028751611709594727,0,0.0,,,,1.0,,24
,,0.0125,0.01,,,,0.00023195190042137818,0.001,0.000625,,0.005,25
0.16341105103492737,1.0,,,0.11733752489089966,0,0.0,,,,1.0,,25
,,0.0125,0.01,,,,0.00023194654125642986,0.001,0.000625,,0.005,26
0.12299436330795288,1.0,,,0.03843744099140167,0,0.0,,,,1.0,,26
,,0.0125,0.01,,,,0.00023194118221530265,0.001,0.000625,,0.005,27
0.15910747647285461,1.0,,,0.09984809160232544,0,0.0,,,,1.0,,27
,,0.0125,0.01,,,,0.00023193582329799503,0.001,0.000625,,0.005,28
0.13259656727313995,1.0,,,0.04917985573410988,0,0.0,,,,1.0,,28
,,0.0125,0.01,,,,0.0002319304645045028,0.001,0.000625,,0.005,29
0.14995555579662323,1.0,,,0.07713782787322998,0,0.0,,,,1.0,,29
,,0.0125,0.01,,,,0.00023192510583482358,0.001,0.000625,,0.005,30
0.1571253538131714,1.0,,,0.09174897521734238,0,0.0,,,,1.0,,30
,,0.0125,0.01,,,,0.00023191974728895449,0.001,0.000625,,0.005,31
0.17010724544525146,1.0,,,0.09128223359584808,0,0.0,,,,1.0,,31
,,0.0125,0.01,,,,0.00023191438886689228,0.001,0.000625,,0.005,32
0.12631000578403473,1.0,,,0.061524465680122375,0,0.0,,,,1.0,,32
,,0.0125,0.01,,,,0.00023190903056863484,0.001,0.000625,,0.005,33
0.12444843351840973,1.0,,,0.03923966735601425,0,0.0,,,,1.0,,33
,,0.0125,0.01,,,,0.0002319036723941794,0.001,0.000625,,0.005,34
0.14987903833389282,1.0,,,0.07794953137636185,0,0.0,,,,1.0,,34
,,0.0125,0.01,,,,0.0002318983143435222,0.001,0.000625,,0.005,35
0.1586008071899414,1.0,,,0.081288181245327,0,0.0,,,,1.0,,35
,,0.0125,0.01,,,,0.00023189295641666086,0.001,0.000625,,0.005,36
0.1332310438156128,1.0,,,0.04474354162812233,0,0.0,,,,1.0,,36
,,0.0125,0.01,,,,0.00023188759861359206,0.001,0.000625,,0.005,37
0.1337704360485077,1.0,,,0.055251069366931915,0,0.0,,,,1.0,,37
,,0.0125,0.01,,,,0.00023188224093431377,0.001,0.000625,,0.005,38
0.12598340213298798,1.0,,,0.039897043257951736,0,0.0,,,,1.0,,38
,,0.0125,0.01,,,,0.00023187688337882276,0.001,0.000625,,0.005,39
0.14528673887252808,1.0,,,0.056847091764211655,0,0.0,,,,1.0,,39
,,0.0125,0.01,,,,0.0002318715259471165,0.001,0.000625,,0.005,40
0.1344844400882721,1.0,,,0.0547078400850296,0,0.0,,,,1.0,,40
,,0.0125,0.01,,,,0.0002318661686391914,0.001,0.000625,,0.005,41
0.11859865486621857,1.0,,,0.028354253619909286,0,0.0,,,,1.0,,41
,,0.0125,0.01,,,,0.00023186081145504494,0.001,0.000625,,0.005,42
0.1476866602897644,1.0,,,0.07695561647415161,0,0.0,,,,1.0,,42
,,0.0125,0.01,,,,0.00023185545439467387,0.001,0.000625,,0.005,43
0.12910521030426025,1.0,,,0.06539806723594666,0,0.0,,,,1.0,,43
,,0.0125,0.01,,,,0.00023185009745807617,0.001,0.000625,,0.005,44
0.13202029466629028,1.0,,,0.04779920354485512,0,0.0,,,,1.0,,44
,,0.0125,0.01,,,,0.00023184474064524857,0.001,0.000625,,0.005,45
0.12930649518966675,1.0,,,0.046066321432590485,0,0.0,,,,1.0,,45
,,0.0125,0.01,,,,0.00023183938395618858,0.001,0.000625,,0.005,46
0.13075408339500427,1.0,,,0.043156884610652924,0,0.0,,,,1.0,,46
,,0.0125,0.01,,,,0.00023183402739089255,0.001,0.000625,,0.005,47
0.12262813746929169,1.0,,,0.0555231049656868,0,0.0,,,,1.0,,47
,,0.0125,0.01,,,,0.00023182867094935806,0.001,0.000625,,0.005,48
0.16324597597122192,1.0,,,0.09415978938341141,0,0.0,,,,1.0,,48
,,0.0125,0.01,,,,0.0002318233146315822,0.001,0.000625,,0.005,49
0.1705499291419983,1.0,,,0.09260477125644684,0,0.0,,,,1.0,,49
,,0.0125,0.01,,,,0.0002318179584375617,0.001,0.000625,,0.005,50
0.14013820886611938,1.0,,,0.059004709124565125,0,0.0,,,,1.0,,50
,,0.0125,0.01,,,,0.00023181260236729455,0.001,0.000625,,0.005,51
0.16019472479820251,1.0,,,0.10280673950910568,0,0.0,,,,1.0,,51
,,0.0125,0.01,,,,0.00023180724642077788,0.001,0.000625,,0.005,52
0.13705524802207947,1.0,,,0.05332925170660019,0,0.0,,,,1.0,,52
,,0.0125,0.01,,,,0.00023180189059800803,0.001,0.000625,,0.005,53
0.1268671751022339,1.0,,,0.04599390923976898,0,0.0,,,,1.0,,53
,,0.0125,0.01,,,,0.00023179653489898252,0.001,0.000625,,0.005,54
0.14532563090324402,1.0,,,0.062479957938194275,0,0.0,,,,1.0,,54
,,0.0125,0.01,,,,0.00023179117932369849,0.001,0.000625,,0.005,55
0.1512952446937561,1.0,,,0.07149933278560638,0,0.0,,,,1.0,,55
,,0.0125,0.01,,,,0.0002317858238721527,0.001,0.000625,,0.005,56
0.11839210242033005,1.0,,,0.03165590390563011,0,0.0,,,,1.0,,56
,,0.0125,0.01,,,,0.0002317804685443431,0.001,0.000625,,0.005,57
0.1672346293926239,1.0,,,0.08397996425628662,0,0.0,,,,1.0,,57
,,0.0125,0.01,,,,0.00023177511334026681,0.001,0.000625,,0.005,58
0.12971782684326172,1.0,,,0.06723935902118683,0,0.0,,,,1.0,,58
,,0.0125,0.01,,,,0.00023176975825992018,0.001,0.000625,,0.005,59
0.156362384557724,1.0,,,0.07180414348840714,0,0.0,,,,1.0,,59
,,0.0125,0.01,,,,0.00023176440330330075,0.001,0.000625,,0.005,60
0.12298331409692764,1.0,,,0.043595459312200546,0,0.0,,,,1.0,,60
,,0.0125,0.01,,,,0.00023175904847040524,0.001,0.000625,,0.005,61
0.11290092766284943,1.0,,,0.02482457086443901,0,0.0,,,,1.0,,61
,,0.0125,0.01,,,,0.0002317536937612316,0.001,0.000625,,0.005,62
0.16912364959716797,1.0,,,0.10911131650209427,0,0.0,,,,1.0,,62
,,0.0125,0.01,,,,0.00023174833917577662,0.001,0.000625,,0.005,63
0.15182724595069885,1.0,,,0.08127197623252869,0,0.0,,,,1.0,,63
,,0.0125,0.01,,,,0.0002317429847140378,0.001,0.000625,,0.005,64
0.15731732547283173,1.0,,,0.09457056224346161,0,0.0,,,,1.0,,64
,,0.0125,0.01,,,,0.0002317376303760115,0.001,0.000625,,0.005,65
0.12115843594074249,1.0,,,0.037503503262996674,0,0.0,,,,1.0,,65
,,0.0125,0.01,,,,0.00023173227616169479,0.001,0.000625,,0.005,66
0.13071098923683167,1.0,,,0.06723646074533463,0,0.0,,,,1.0,,66
,,0.0125,0.01,,,,0.00023172692207108571,0.001,0.000625,,0.005,67
0.13631659746170044,1.0,,,0.07689850777387619,0,0.0,,,,1.0,,67
,,0.0125,0.01,,,,0.00023172156810418097,0.001,0.000625,,0.005,68
0.1384301483631134,1.0,,,0.0867815762758255,0,0.0,,,,1.0,,68
,,0.0125,0.01,,,,0.00023171621426097767,0.001,0.000625,,0.005,69
0.12239167094230652,1.0,,,0.06360714137554169,0,0.0,,,,1.0,,69
,,0.0125,0.01,,,,0.00023171086054147344,0.001,0.000625,,0.005,70
0.11298396438360214,1.0,,,0.02557678334414959,0,0.0,,,,1.0,,70
,,0.0125,0.01,,,,0.0002317055069456641,0.001,0.000625,,0.005,71
0.12554627656936646,1.0,,,0.04504472762346268,0,0.0,,,,1.0,,71
,,0.0125,0.01,,,,0.0002317001534735481,0.001,0.000625,,0.005,72
0.16963423788547516,1.0,,,0.09110275655984879,0,0.0,,,,1.0,,72
,,0.0125,0.01,,,,0.00023169480012512212,0.001,0.000625,,0.005,73
0.14480531215667725,1.0,,,0.08990435302257538,0,0.0,,,,1.0,,73
,,0.0125,0.01,,,,0.00023168944690038336,0.001,0.000625,,0.005,74
0.12278307974338531,1.0,,,0.04751920327544212,0,0.0,,,,1.0,,74
,,0.0125,0.01,,,,0.00023168409379932889,0.001,0.000625,,0.005,75
0.18118436634540558,1.0,,,0.11428558826446533,0,0.0,,,,1.0,,75
,,0.0125,0.01,,,,0.0002316787408219559,0.001,0.000625,,0.005,76
0.153965026140213,1.0,,,0.09369927644729614,0,0.0,,,,1.0,,76
,,0.0125,0.01,,,,0.00023167338796826193,0.001,0.000625,,0.005,77
0.17078417539596558,1.0,,,0.08641853928565979,0,0.0,,,,1.0,,77
,,0.0125,0.01,,,,0.0002316680352382433,0.001,0.000625,,0.005,78
0.12754040956497192,1.0,,,0.06640195101499557,0,0.0,,,,1.0,,78
,,0.0125,0.01,,,,0.00023166268263189715,0.001,0.000625,,0.005,79
0.12656714022159576,1.0,,,0.04641977697610855,0,0.0,,,,1.0,,79
,,0.0125,0.01,,,,0.00023165733014922146,0.001,0.000625,,0.005,80
0.14912326633930206,1.0,,,0.0823671817779541,0,0.0,,,,1.0,,80
,,0.0125,0.01,,,,0.00023165197779021295,0.001,0.000625,,0.005,81
0.18113946914672852,1.0,,,0.11063528060913086,0,0.0,,,,1.0,,81
,,0.0125,0.01,,,,0.00023164662555486917,0.001,0.000625,,0.005,82
0.131771057844162,1.0,,,0.052114538848400116,0,0.0,,,,1.0,,82
,,0.0125,0.01,,,,0.00023164127344318646,0.001,0.000625,,0.005,83
0.12944193184375763,1.0,,,0.04863176867365837,0,0.0,,,,1.0,,83
,,0.0125,0.01,,,,0.00023163592145516193,0.001,0.000625,,0.005,84
0.13263270258903503,1.0,,,0.05701921880245209,0,0.0,,,,1.0,,84
,,0.0125,0.01,,,,0.00023163056959079356,0.001,0.000625,,0.005,85
0.13275457918643951,1.0,,,0.05029799044132233,0,0.0,,,,1.0,,85
,,0.0125,0.01,,,,0.00023162521785007807,0.001,0.000625,,0.005,86
0.1468702256679535,1.0,,,0.07325710356235504,0,0.0,,,,1.0,,86
,,0.0125,0.01,,,,0.00023161986623301264,0.001,0.000625,,0.005,87
0.1485113948583603,1.0,,,0.08157025277614594,0,0.0,,,,1.0,,87
,,0.0125,0.01,,,,0.0002316145147395948,0.001,0.000625,,0.005,88
0.11834456771612167,1.0,,,0.03791457414627075,0,0.0,,,,1.0,,88
,,0.0125,0.01,,,,0.00023160916336982046,0.001,0.000625,,0.005,89
0.14559908211231232,1.0,,,0.05990045517683029,0,0.0,,,,1.0,,89
,,0.0125,0.01,,,,0.00023160381212368803,0.001,0.000625,,0.005,90
0.14211860299110413,1.0,,,0.06659378111362457,0,0.0,,,,1.0,,90
,,0.0125,0.01,,,,0.00023159846100119416,0.001,0.000625,,0.005,91
0.16332590579986572,1.0,,,0.08079758286476135,0,0.0,,,,1.0,,91
,,0.0125,0.01,,,,0.00023159311000233606,0.001,0.000625,,0.005,92
0.12635143101215363,1.0,,,0.050084471702575684,0,0.0,,,,1.0,,92
,,0.0125,0.01,,,,0.00023158775912711087,0.001,0.000625,,0.005,93
0.14490342140197754,1.0,,,0.07058130204677582,0,0.0,,,,1.0,,93
,,0.0125,0.01,,,,0.00023158240837551573,0.001,0.000625,,0.005,94
0.14071789383888245,1.0,,,0.053061116486787796,0,0.0,,,,1.0,,94
,,0.0125,0.01,,,,0.00023157705774754775,0.001,0.000625,,0.005,95
0.14161810278892517,1.0,,,0.05069900304079056,0,0.0,,,,1.0,,95
,,0.0125,0.01,,,,0.0002315717072432041,0.001,0.000625,,0.005,96
0.15483151376247406,1.0,,,0.06989111751317978,0,0.0,,,,1.0,,96
,,0.0125,0.01,,,,0.00023156635686248195,0.001,0.000625,,0.005,97
0.12902255356311798,1.0,,,0.04423109441995621,0,0.0,,,,1.0,,97
,,0.0125,0.01,,,,0.00023156100660537838,0.001,0.000625,,0.005,98
0.1243051290512085,1.0,,,0.04864983633160591,0,0.0,,,,1.0,,98
,,0.0125,0.01,,,,0.00023155565647189018,0.001,0.000625,,0.005,99
0.10815495997667313,1.0,,,0.024687359109520912,0,0.0,,,,1.0,,99
,,0.0125,0.01,,,,0.0002315503064620157,0.001,0.000625,,0.005,100
0.12226372957229614,1.0,,,0.033798299729824066,0,0.0,,,,1.0,,100
,,0.0125,0.01,,,,0.00023154495657575085,0.001,0.000625,,0.005,101
0.15959566831588745,1.0,,,0.09050657600164413,0,0.0,,,,1.0,,101
,,0.0125,0.01,,,,0.0002315396068130932,0.001,0.000625,,0.005,102
0.1457313448190689,1.0,,,0.07504032552242279,0,0.0,,,,1.0,,102
,,0.0125,0.01,,,,0.00023153425717403986,0.001,0.000625,,0.005,103
0.10735870152711868,1.0,,,0.04366611689329147,0,0.0,,,,1.0,,103
,,0.0125,0.01,,,,0.0002315289076585876,0.001,0.000625,,0.005,104
0.15323017537593842,1.0,,,0.08942429721355438,0,0.0,,,,1.0,,104
,,0.0125,0.01,,,,0.0002315235582667344,0.001,0.000625,,0.005,105
0.12896111607551575,1.0,,,0.04350034147500992,0,0.0,,,,1.0,,105
,,0.0125,0.01,,,,0.00023151820899847738,0.001,0.000625,,0.005,106
0.15757517516613007,1.0,,,0.12429884821176529,0,0.0,,,,1.0,,106
,,0.0125,0.01,,,,0.00023151285985381284,0.001,0.000625,,0.005,107
0.169638529419899,1.0,,,0.1517857164144516,0,0.0,,,,1.0,,107
,,0.0125,0.01,,,,0.00023150751083273835,0.001,0.000625,,0.005,108
0.15619632601737976,1.0,,,0.08537980914115906,0,0.0,,,,1.0,,108
,,0.0125,0.01,,,,0.0002315021619352511,0.001,0.000625,,0.005,109
0.14931699633598328,1.0,,,0.06707189977169037,0,0.0,,,,1.0,,109
,,0.0125,0.01,,,,0.00023149681316134816,0.001,0.000625,,0.005,110
0.1383579969406128,1.0,,,0.05421216040849686,0,0.0,,,,1.0,,110
,,0.0125,0.01,,,,0.0002314914645110267,0.001,0.000625,,0.005,111
0.1476791501045227,1.0,,,0.06176821514964104,0,0.0,,,,1.0,,111
,,0.0125,0.01,,,,0.0002314861159842839,0.001,0.000625,,0.005,112
0.14177563786506653,1.0,,,0.06156885623931885,0,0.0,,,,1.0,,112
,,0.0125,0.01,,,,0.00023148076758111689,0.001,0.000625,,0.005,113
0.11233140528202057,1.0,,,0.022943448275327682,0,0.0,,,,1.0,,113
,,0.0125,0.01,,,,0.00023147541930152279,0.001,0.000625,,0.005,114
0.14208894968032837,1.0,,,0.07061032205820084,0,0.0,,,,1.0,,114
,,0.0125,0.01,,,,0.00023147007114549876,0.001,0.000625,,0.005,115
0.1236187219619751,1.0,,,0.04162140563130379,0,0.0,,,,1.0,,115
,,0.0125,0.01,,,,0.00023146472311304193,0.001,0.000625,,0.005,116
0.12577179074287415,1.0,,,0.05215694010257721,0,0.0,,,,1.0,,116
,,0.0125,0.01,,,,0.00023145937520414908,0.001,0.000625,,0.005,117
0.17194417119026184,1.0,,,0.08738015592098236,0,0.0,,,,1.0,,117
,,0.0125,0.01,,,,0.00023145402741881854,0.001,0.000625,,0.005,118
0.1686888337135315,1.0,,,0.14790105819702148,0,0.0,,,,1.0,,118
,,0.0125,0.01,,,,0.00023144867975704623,0.001,0.000625,,0.005,119
0.14163058996200562,1.0,,,0.09346480667591095,0,0.0,,,,1.0,,119
,,0.0125,0.01,,,,0.00023144333221882974,0.001,0.000625,,0.005,120
0.15743525326251984,1.0,,,0.06906021386384964,0,0.0,,,,1.0,,120
,,0.0125,0.01,,,,0.00023143798480416617,0.001,0.000625,,0.005,121
0.14490142464637756,1.0,,,0.07354450970888138,0,0.0,,,,1.0,,121
,,0.0125,0.01,,,,0.00023143263751305228,0.001,0.000625,,0.005,122
0.1514359712600708,1.0,,,0.11660002917051315,0,0.0,,,,1.0,,122
,,0.0125,0.01,,,,0.00023142729034548602,0.001,0.000625,,0.005,123
0.1610693335533142,1.0,,,0.09355249255895615,0,0.0,,,,1.0,,123
,,0.0125,0.01,,,,0.00023142194330146457,0.001,0.000625,,0.005,124
0.126516193151474,1.0,,,0.045608967542648315,0,0.0,,,,1.0,,124
,,0.0125,0.01,,,,0.00023141659638098422,0.001,0.000625,,0.005,125
0.14478924870491028,1.0,,,0.06724876165390015,0,0.0,,,,1.0,,125
,,0.0125,0.01,,,,0.00023141124958404256,0.001,0.000625,,0.005,126
0.14798979461193085,1.0,,,0.062487732619047165,0,0.0,,,,1.0,,126
,,0.0125,0.01,,,,0.00023140590291063627,0.001,0.000625,,0.005,127
0.1332385241985321,1.0,,,0.054219022393226624,0,0.0,,,,1.0,,127
,,0.0125,0.01,,,,0.00023140055636076335,0.001,0.000625,,0.005,128
0.12235227972269058,1.0,,,0.03922009468078613,0,0.0,,,,1.0,,128
,,0.0125,0.01,,,,0.00023139520993442056,0.001,0.000625,,0.005,129
0.12559065222740173,1.0,,,0.0660671666264534,0,0.0,,,,1.0,,129
,,0.0125,0.01,,,,0.00023138986363160542,0.001,0.000625,,0.005,130
0.14130116999149323,1.0,,,0.05533549562096596,0,0.0,,,,1.0,,130
,,0.0125,0.01,,,,0.00023138451745231427,0.001,0.000625,,0.005,131
0.14284539222717285,1.0,,,0.06884638965129852,0,0.0,,,,1.0,,131
,,0.0125,0.01,,,,0.00023137917139654467,0.001,0.000625,,0.005,132
0.11823657155036926,1.0,,,0.08523887395858765,0,0.0,,,,1.0,,132
,,0.0125,0.01,,,,0.00023137382546429332,0.001,0.000625,,0.005,133
0.1651385873556137,1.0,,,0.09506851434707642,0,0.0,,,,1.0,,133
,,0.0125,0.01,,,,0.00023136847965555824,0.001,0.000625,,0.005,134
0.15018028020858765,1.0,,,0.07940882444381714,0,0.0,,,,1.0,,134
,,0.0125,0.01,,,,0.00023136313397033615,0.001,0.000625,,0.005,135
0.12739011645317078,1.0,,,0.05044197291135788,0,0.0,,,,1.0,,135
,,0.0125,0.01,,,,0.0002313577884086246,0.001,0.000625,,0.005,136
0.1012413501739502,1.0,,,0.009047795087099075,0,0.0,,,,1.0,,136
,,0.0125,0.01,,,,0.00023135244297041988,0.001,0.000625,,0.005,137
0.1587279736995697,1.0,,,0.09973380714654922,0,0.0,,,,1.0,,137
,,0.0125,0.01,,,,0.0002313470976557196,0.001,0.000625,,0.005,138
0.14330118894577026,1.0,,,0.058266911655664444,0,0.0,,,,1.0,,138
,,0.0125,0.01,,,,0.00023134175246452087,0.001,0.000625,,0.005,139
0.11053590476512909,1.0,,,0.0293889082968235,0,0.0,,,,1.0,,139
,,0.0125,0.01,,,,0.00023133640739682047,0.001,0.000625,,0.005,140
0.14292317628860474,1.0,,,0.06554093956947327,0,0.0,,,,1.0,,140
,,0.0125,0.01,,,,0.00023133106245261633,0.001,0.000625,,0.005,141
0.1372656226158142,1.0,,,0.055440858006477356,0,0.0,,,,1.0,,141
,,0.0125,0.01,,,,0.0002313257176319056,0.001,0.000625,,0.005,142
0.13183817267417908,1.0,,,0.04442894086241722,0,0.0,,,,1.0,,142
,,0.0125,0.01,,,,0.00023132037293468463,0.001,0.000625,,0.005,143
0.1271500587463379,1.0,,,0.04800507426261902,0,0.0,,,,1.0,,143
,,0.0125,0.01,,,,0.00023131502836095096,0.001,0.000625,,0.005,144
0.13977444171905518,1.0,,,0.06665971875190735,0,0.0,,,,1.0,,144
,,0.0125,0.01,,,,0.00023130968391070172,0.001,0.000625,,0.005,145
0.14911289513111115,1.0,,,0.0913173258304596,0,0.0,,,,1.0,,145
,,0.0125,0.01,,,,0.00023130433958393367,0.001,0.000625,,0.005,146
0.15895524621009827,1.0,,,0.0906762033700943,0,0.0,,,,1.0,,146
,,0.0125,0.01,,,,0.00023129899538064478,0.001,0.000625,,0.005,147
0.10205729305744171,1.0,,,0.009881646372377872,0,0.0,,,,1.0,,147
,,0.0125,0.01,,,,0.00023129365130083218,0.001,0.000625,,0.005,148
0.11745485663414001,1.0,,,0.0279048103839159,0,0.0,,,,1.0,,148
,,0.0125,0.01,,,,0.0002312883073444922,0.001,0.000625,,0.005,149
0.11657321453094482,1.0,,,0.03725511580705643,0,0.0,,,,1.0,,149
,,0.0125,0.01,,,,0.00023128296351162243,0.001,0.000625,,0.005,150
0.13405323028564453,1.0,,,0.05069490894675255,0,0.0,,,,1.0,,150
,,0.0125,0.01,,,,0.00023127761980221956,0.001,0.000625,,0.005,151
0.13681626319885254,1.0,,,0.06202463060617447,0,0.0,,,,1.0,,151
,,0.0125,0.01,,,,0.00023127227621628157,0.001,0.000625,,0.005,152
0.14341947436332703,1.0,,,0.08539693057537079,0,0.0,,,,1.0,,152
,,0.0125,0.01,,,,0.0002312669327538052,0.001,0.000625,,0.005,153
0.12845909595489502,1.0,,,0.05816464126110077,0,0.0,,,,1.0,,153
,,0.0125,0.01,,,,0.00023126158941478802,0.001,0.000625,,0.005,154
0.13260915875434875,1.0,,,0.10760152339935303,0,0.0,,,,1.0,,154
,,0.0125,0.01,,,,0.00023125624619922637,0.001,0.000625,,0.005,155
0.1502295583486557,1.0,,,0.07699171453714371,0,0.0,,,,1.0,,155
,,0.0125,0.01,,,,0.00023125090310711737,0.001,0.000625,,0.005,156
0.16069960594177246,1.0,,,0.09151216596364975,0,0.0,,,,1.0,,156
,,0.0125,0.01,,,,0.00023124556013845896,0.001,0.000625,,0.005,157
0.15501880645751953,1.0,,,0.07530167698860168,0,0.0,,,,1.0,,157
,,0.0125,0.01,,,,0.00023124021729324794,0.001,0.000625,,0.005,158
0.12423229217529297,1.0,,,0.044740624725818634,0,0.0,,,,1.0,,158
,,0.0125,0.01,,,,0.00023123487457148143,0.001,0.000625,,0.005,159
0.1616351306438446,1.0,,,0.08711796998977661,0,0.0,,,,1.0,,159
,,0.0125,0.01,,,,0.000231229531973157,0.001,0.000625,,0.005,160
0.13366761803627014,1.0,,,0.05199699103832245,0,0.0,,,,1.0,,160
,,0.0125,0.01,,,,0.00023122418949827054,0.001,0.000625,,0.005,161
0.14932894706726074,1.0,,,0.06754688918590546,0,0.0,,,,1.0,,161
,,0.0125,0.01,,,,0.00023121884714682043,0.001,0.000625,,0.005,162
0.14749351143836975,1.0,,,0.07168716192245483,0,0.0,,,,1.0,,162
,,0.0125,0.01,,,,0.00023121350491880346,0.001,0.000625,,0.005,163
0.12720349431037903,1.0,,,0.03888203576207161,0,0.0,,,,1.0,,163
,,0.0125,0.01,,,,0.0002312081628142167,0.001,0.000625,,0.005,164
0.13362592458724976,1.0,,,0.061790525913238525,0,0.0,,,,1.0,,164
,,0.0125,0.01,,,,0.00023120282083305735,0.001,0.000625,,0.005,165
0.1468820422887802,1.0,,,0.07061705738306046,0,0.0,,,,1.0,,165
,,0.0125,0.01,,,,0.00023119747897532258,0.001,0.000625,,0.005,166
0.10468366742134094,1.0,,,0.01484611351042986,0,0.0,,,,1.0,,166
,,0.0125,0.01,,,,0.00023119213724100948,0.001,0.000625,,0.005,167
0.12711527943611145,1.0,,,0.04372487962245941,0,0.0,,,,1.0,,167
,,0.0125,0.01,,,,0.00023118679563011562,0.001,0.000625,,0.005,168
0.161033496260643,1.0,,,0.07971762120723724,0,0.0,,,,1.0,,168
,,0.0125,0.01,,,,0.00023118145414263694,0.001,0.000625,,0.005,169
0.1538623869419098,1.0,,,0.08526872843503952,0,0.0,,,,1.0,,169
,,0.0125,0.01,,,,0.00023117611277857184,0.001,0.000625,,0.005,170
0.14864835143089294,1.0,,,0.07614350318908691,0,0.0,,,,1.0,,170
,,0.0125,0.01,,,,0.000231170771537917,0.001,0.000625,,0.005,171
0.11544730514287949,1.0,,,0.02812197059392929,0,0.0,,,,1.0,,171
,,0.0125,0.01,,,,0.00023116543042067,0.001,0.000625,,0.005,172
0.1353216916322708,1.0,,,0.0507521852850914,0,0.0,,,,1.0,,172
,,0.0125,0.01,,,,0.0002311600894268272,0.001,0.000625,,0.005,173
0.1549321413040161,1.0,,,0.08921904116868973,0,0.0,,,,1.0,,173
,,0.0125,0.01,,,,0.0002311547485563857,0.001,0.000625,,0.005,174
0.15748193860054016,1.0,,,0.08754061907529831,0,0.0,,,,1.0,,174
,,0.0125,0.01,,,,0.00023114940780934352,0.001,0.000625,,0.005,175
0.14422988891601562,1.0,,,0.06625919044017792,0,0.0,,,,1.0,,175
,,0.0125,0.01,,,,0.00023114406718569735,0.001,0.000625,,0.005,176
0.13041314482688904,1.0,,,0.04628008231520653,0,0.0,,,,1.0,,176
,,0.0125,0.01,,,,0.00023113872668544438,0.001,0.000625,,0.005,177
0.13407199084758759,1.0,,,0.058083608746528625,0,0.0,,,,1.0,,177
,,0.0125,0.01,,,,0.00023113338630858214,0.001,0.000625,,0.005,178
0.14920347929000854,1.0,,,0.07221171259880066,0,0.0,,,,1.0,,178
,,0.0125,0.01,,,,0.00023112804605510657,0.001,0.000625,,0.005,179
0.1410992294549942,1.0,,,0.06270062178373337,0,0.0,,,,1.0,,179
,,0.0125,0.01,,,,0.00023112270592501603,0.001,0.000625,,0.005,180
0.13593807816505432,1.0,,,0.06694993376731873,0,0.0,,,,1.0,,180
,,0.0125,0.01,,,,0.00023111736591830727,0.001,0.000625,,0.005,181
0.1590929627418518,1.0,,,0.07400213181972504,0,0.0,,,,1.0,,181
,,0.0125,0.01,,,,0.00023111202603497743,0.001,0.000625,,0.005,182
0.14151635766029358,1.0,,,0.06933742761611938,0,0.0,,,,1.0,,182
,,0.0125,0.01,,,,0.0002311066862750237,0.001,0.000625,,0.005,183
0.16084516048431396,1.0,,,0.08207519352436066,0,0.0,,,,1.0,,183
,,0.0125,0.01,,,,0.00023110134663844315,0.001,0.000625,,0.005,184
0.15207259356975555,1.0,,,0.07865628600120544,0,0.0,,,,1.0,,184
,,0.0125,0.01,,,,0.00023109600712523302,0.001,0.000625,,0.005,185
0.14121975004673004,1.0,,,0.050641898065805435,0,0.0,,,,1.0,,185
,,0.0125,0.01,,,,0.00023109066773539038,0.001,0.000625,,0.005,186
0.14756301045417786,1.0,,,0.06429386883974075,0,0.0,,,,1.0,,186
,,0.0125,0.01,,,,0.00023108532846891243,0.001,0.000625,,0.005,187
0.16227027773857117,1.0,,,0.09946946799755096,0,0.0,,,,1.0,,187
,,0.0125,0.01,,,,0.0002310799893257963,0.001,0.000625,,0.005,188
0.15992802381515503,1.0,,,0.09204351902008057,0,0.0,,,,1.0,,188
,,0.0125,0.01,,,,0.00023107465030603876,0.001,0.000625,,0.005,189
0.13142970204353333,1.0,,,0.05849912017583847,0,0.0,,,,1.0,,189
,,0.0125,0.01,,,,0.00023106931140963813,0.001,0.000625,,0.005,190
0.14620116353034973,1.0,,,0.07979963719844818,0,0.0,,,,1.0,,190
,,0.0125,0.01,,,,0.00023106397263659038,0.001,0.000625,,0.005,191
0.12023181468248367,1.0,,,0.04380226135253906,0,0.0,,,,1.0,,191
,,0.0125,0.01,,,,0.00023105863398689306,0.001,0.000625,,0.005,192
0.1509995460510254,1.0,,,0.07483252882957458,0,0.0,,,,1.0,,192
,,0.0125,0.01,,,,0.00023105329546054332,0.001,0.000625,,0.005,193
0.1647319793701172,1.0,,,0.09500111639499664,0,0.0,,,,1.0,,193
,,0.0125,0.01,,,,0.00023104795705753786,0.001,0.000625,,0.005,194
0.1028510332107544,1.0,,,0.013514072634279728,0,0.0,,,,1.0,,194
,,0.0125,0.01,,,,0.0002310426187778747,0.001,0.000625,,0.005,195
0.10786933451890945,1.0,,,0.039908695966005325,0,0.0,,,,1.0,,195
,,0.0125,0.01,,,,0.000231037280621551,0.001,0.000625,,0.005,196
0.1328517198562622,1.0,,,0.051183849573135376,0,0.0,,,,1.0,,196
,,0.0125,0.01,,,,0.00023103194258856306,0.001,0.000625,,0.005,197
0.12497575581073761,1.0,,,0.040748778730630875,0,0.0,,,,1.0,,197
,,0.0125,0.01,,,,0.00023102660467890843,0.001,0.000625,,0.005,198
0.16412034630775452,1.0,,,0.1017477959394455,0,0.0,,,,1.0,,198
,,0.0125,0.01,,,,0.00023102126689258427,0.001,0.000625,,0.005,199
0.1197378933429718,1.0,,,0.037158358842134476,0,0.0,,,,1.0,,199
,,0.0125,0.01,,,,0.00023101592922958775,0.001,0.000625,,0.005,200
0.11777003109455109,1.0,,,0.032283712178468704,0,0.0,,,,1.0,,200
,,0.0125,0.01,,,,0.000231010591689916,0.001,0.000625,,0.005,201
0.1247241273522377,1.0,,,0.04667367786169052,0,0.0,,,,1.0,,201
,,0.0125,0.01,,,,0.00023100525427356618,0.001,0.000625,,0.005,202
0.15081098675727844,1.0,,,0.09110086411237717,0,0.0,,,,1.0,,202
,,0.0125,0.01,,,,0.00023099991698053544,0.001,0.000625,,0.005,203
0.14183199405670166,1.0,,,0.06491989642381668,0,0.0,,,,1.0,,203
,,0.0125,0.01,,,,0.00023099457981082093,0.001,0.000625,,0.005,204
0.16072559356689453,1.0,,,0.09039783477783203,0,0.0,,,,1.0,,204
,,0.0125,0.01,,,,0.0002309892427644198,0.001,0.000625,,0.005,205
0.18926465511322021,1.0,,,0.12295852601528168,0,0.0,,,,1.0,,205
,,0.0125,0.01,,,,0.0002309839058413292,0.001,0.000625,,0.005,206
0.1381973922252655,1.0,,,0.053269073367118835,0,0.0,,,,1.0,,206
,,0.0125,0.01,,,,0.00023097856904154588,0.001,0.000625,,0.005,207
0.12121713161468506,1.0,,,0.03465205058455467,0,0.0,,,,1.0,,207
,,0.0125,0.01,,,,0.0002309732323650682,0.001,0.000625,,0.005,208
0.1516628861427307,1.0,,,0.07425470650196075,0,0.0,,,,1.0,,208
,,0.0125,0.01,,,,0.0002309678958118921,0.001,0.000625,,0.005,209
0.12035493552684784,1.0,,,0.03633226454257965,0,0.0,,,,1.0,,209
,,0.0125,0.01,,,,0.00023096255938201513,0.001,0.000625,,0.005,210
0.1573455035686493,1.0,,,0.07212114334106445,0,0.0,,,,1.0,,210
,,0.0125,0.01,,,,0.00023095722307543446,0.001,0.000625,,0.005,211
0.1291189193725586,1.0,,,0.052119217813014984,0,0.0,,,,1.0,,211
,,0.0125,0.01,,,,0.00023095188689214682,0.001,0.000625,,0.005,212
0.14379099011421204,1.0,,,0.0588654950261116,0,0.0,,,,1.0,,212
,,0.0125,0.01,,,,0.00023094655083215015,0.001,0.000625,,0.005,213
0.16162681579589844,1.0,,,0.10615144670009613,0,0.0,,,,1.0,,213
,,0.0125,0.01,,,,0.00023094121489544166,0.001,0.000625,,0.005,214
0.13955390453338623,1.0,,,0.060845598578453064,0,0.0,,,,1.0,,214
,,0.0125,0.01,,,,0.00023093587908201764,0.001,0.000625,,0.005,215
0.13487762212753296,1.0,,,0.06383918970823288,0,0.0,,,,1.0,,215
,,0.0125,0.01,,,,0.00023093054339187567,0.001,0.000625,,0.005,216
0.16253657639026642,1.0,,,0.08717465400695801,0,0.0,,,,1.0,,216
,,0.0125,0.01,,,,0.00023092520782501248,0.001,0.000625,,0.005,217
0.1374228447675705,1.0,,,0.07428894191980362,0,0.0,,,,1.0,,217
,,0.0125,0.01,,,,0.00023091987238142603,0.001,0.000625,,0.005,218
0.150016188621521,1.0,,,0.08359932899475098,0,0.0,,,,1.0,,218
,,0.0125,0.01,,,,0.0002309145370611131,0.001,0.000625,,0.005,219
0.1399022340774536,1.0,,,0.05456547811627388,0,0.0,,,,1.0,,219
,,0.0125,0.01,,,,0.00023090920186407123,0.001,0.000625,,0.005,220
0.15046285092830658,1.0,,,0.07593280076980591,0,0.0,,,,1.0,,220
,,0.0125,0.01,,,,0.00023090386679029673,0.001,0.000625,,0.005,221
0.12079183757305145,1.0,,,0.0361446738243103,0,0.0,,,,1.0,,221
,,0.0125,0.01,,,,0.00023089853183978721,0.001,0.000625,,0.005,222
0.11398497223854065,1.0,,,0.05599465221166611,0,0.0,,,,1.0,,222
,,0.0125,0.01,,,,0.0002308931970125394,0.001,0.000625,,0.005,223
0.15430466830730438,1.0,,,0.0774502083659172,0,0.0,,,,1.0,,223
,,0.0125,0.01,,,,0.0002308878623085512,0.001,0.000625,,0.005,224
0.13348263502120972,1.0,,,0.0441114604473114,0,0.0,,,,1.0,,224
,,0.0125,0.01,,,,0.00023088252772781947,0.001,0.000625,,0.005,225
0.1611744463443756,1.0,,,0.09332693368196487,0,0.0,,,,1.0,,225
,,0.0125,0.01,,,,0.00023087719327034167,0.001,0.000625,,0.005,226
0.14991047978401184,1.0,,,0.10839318484067917,0,0.0,,,,1.0,,226
,,0.0125,0.01,,,,0.0002308718589361142,0.001,0.000625,,0.005,227
0.1335928738117218,1.0,,,0.050851840525865555,0,0.0,,,,1.0,,227
,,0.0125,0.01,,,,0.00023086652472513458,0.001,0.000625,,0.005,228
0.15487460792064667,1.0,,,0.10017397999763489,0,0.0,,,,1.0,,228
,,0.0125,0.01,,,,0.0002308611906374,0.001,0.000625,,0.005,229
0.11312419176101685,1.0,,,0.026320841163396835,0,0.0,,,,1.0,,229
,,0.0125,0.01,,,,0.00023085585667290717,0.001,0.000625,,0.005,230
0.1340462565422058,1.0,,,0.05416368693113327,0,0.0,,,,1.0,,230
,,0.0125,0.01,,,,0.00023085052283165408,0.001,0.000625,,0.005,231
0.12553322315216064,1.0,,,0.040468234568834305,0,0.0,,,,1.0,,231
,,0.0125,0.01,,,,0.00023084518911363787,0.001,0.000625,,0.005,232
0.12185901403427124,1.0,,,0.04278638958930969,0,0.0,,,,1.0,,232
,,0.0125,0.01,,,,0.00023083985551885489,0.001,0.000625,,0.005,233
0.14201591908931732,1.0,,,0.06392041593790054,0,0.0,,,,1.0,,233
,,0.0125,0.01,,,,0.00023083452204730268,0.001,0.000625,,0.005,234
0.12068986147642136,1.0,,,0.0992436483502388,0,0.0,,,,1.0,,234
,,0.0125,0.01,,,,0.00023082918869897842,0.001,0.000625,,0.005,235
0.11739393323659897,1.0,,,0.03621702268719673,0,0.0,,,,1.0,,235
,,0.0125,0.01,,,,0.0002308238554738788,0.001,0.000625,,0.005,236
0.13050028681755066,1.0,,,0.053225621581077576,0,0.0,,,,1.0,,236
,,0.0125,0.01,,,,0.0002308185223720019,0.001,0.000625,,0.005,237
0.15980036556720734,1.0,,,0.08087106049060822,0,0.0,,,,1.0,,237
,,0.0125,0.01,,,,0.00023081318939334474,0.001,0.000625,,0.005,238
0.13561303913593292,1.0,,,0.05513746291399002,0,0.0,,,,1.0,,238
,,0.0125,0.01,,,,0.00023080785653790376,0.001,0.000625,,0.005,239
0.15375179052352905,1.0,,,0.06960737705230713,0,0.0,,,,1.0,,239
,,0.0125,0.01,,,,0.00023080252380567646,0.001,0.000625,,0.005,240
0.1576821208000183,1.0,,,0.130088672041893,0,0.0,,,,1.0,,240
,,0.0125,0.01,,,,0.0002307971911966596,0.001,0.000625,,0.005,241
0.1398797631263733,1.0,,,0.05564228445291519,0,0.0,,,,1.0,,241
,,0.0125,0.01,,,,0.00023079185871085117,0.001,0.000625,,0.005,242
0.1433740258216858,1.0,,,0.11515282094478607,0,0.0,,,,1.0,,242
,,0.0125,0.01,,,,0.0002307865263482479,0.001,0.000625,,0.005,243
0.17531943321228027,1.0,,,0.09837542474269867,0,0.0,,,,1.0,,243
,,0.0125,0.01,,,,0.00023078119410884732,0.001,0.000625,,0.005,244
0.155769944190979,1.0,,,0.08302174508571625,0,0.0,,,,1.0,,244
,,0.0125,0.01,,,,0.00023077586199264584,0.001,0.000625,,0.005,245
0.1547725349664688,1.0,,,0.07383181154727936,0,0.0,,,,1.0,,245
,,0.0125,0.01,,,,0.00023077052999964054,0.001,0.000625,,0.005,246
0.12889714539051056,1.0,,,0.04758278280496597,0,0.0,,,,1.0,,246
,,0.0125,0.01,,,,0.00023076519812982945,0.001,0.000625,,0.005,247
0.16564248502254486,1.0,,,0.10188515484333038,0,0.0,,,,1.0,,247
,,0.0125,0.01,,,,0.00023075986638320927,0.001,0.000625,,0.005,248
0.15051494538784027,1.0,,,0.08129347860813141,0,0.0,,,,1.0,,248
,,0.0125,0.01,,,,0.00023075453475977718,0.001,0.000625,,0.005,249
0.14365345239639282,1.0,,,0.09254342317581177,0,0.0,,,,1.0,,249
,,0.0125,0.01,,,,0.00023074920325953074,0.001,0.000625,,0.005,250
0.14908578991889954,1.0,,,0.08002541214227676,0,0.0,,,,1.0,,250
,,0.0125,0.01,,,,0.00023074387188246585,0.001,0.000625,,0.005,251
0.15949633717536926,1.0,,,0.0795557051897049,0,0.0,,,,1.0,,251
,,0.0125,0.01,,,,0.00023073854062858094,0.001,0.000625,,0.005,252
0.15214744210243225,1.0,,,0.06339607387781143,0,0.0,,,,1.0,,252
,,0.0125,0.01,,,,0.0002307332094978727,0.001,0.000625,,0.005,253
0.16149967908859253,1.0,,,0.08120280504226685,0,0.0,,,,1.0,,253
,,0.0125,0.01,,,,0.00023072787849033832,0.001,0.000625,,0.005,254
0.14878149330615997,1.0,,,0.07520674914121628,0,0.0,,,,1.0,,254
,,0.0125,0.01,,,,0.00023072254760597496,0.001,0.000625,,0.005,255
0.12182941287755966,1.0,,,0.037925638258457184,0,0.0,,,,1.0,,255
,,0.0125,0.01,,,,0.00023071721684477973,0.001,0.000625,,0.005,256
0.1554342806339264,1.0,,,0.11205274611711502,0,0.0,,,,1.0,,256
,,0.0125,0.01,,,,0.00023071188620674984,0.001,0.000625,,0.005,257
0.15444669127464294,1.0,,,0.09336566925048828,0,0.0,,,,1.0,,257
,,0.0125,0.01,,,,0.0002307065556918824,0.001,0.000625,,0.005,258
0.13243812322616577,1.0,,,0.04952991381287575,0,0.0,,,,1.0,,258
,,0.0125,0.01,,,,0.0002307012253001746,0.001,0.000625,,0.005,259
0.11451999843120575,1.0,,,0.024117540568113327,0,0.0,,,,1.0,,259
,,0.0125,0.01,,,,0.00023069589503162358,0.001,0.000625,,0.005,260
0.16539117693901062,1.0,,,0.08809609711170197,0,0.0,,,,1.0,,260
,,0.0125,0.01,,,,0.00023069056488622647,0.001,0.000625,,0.005,261
0.16639399528503418,1.0,,,0.09688612818717957,0,0.0,,,,1.0,,261
,,0.0125,0.01,,,,0.00023068523486398086,0.001,0.000625,,0.005,262
0.13435712456703186,1.0,,,0.053419116884469986,0,0.0,,,,1.0,,262
,,0.0125,0.01,,,,0.00023067990496488308,0.001,0.000625,,0.005,263
0.10289858281612396,1.0,,,0.01180309522897005,0,0.0,,,,1.0,,263
,,0.0125,0.01,,,,0.0002306745751889303,0.001,0.000625,,0.005,264
0.14854340255260468,1.0,,,0.07349352538585663,0,0.0,,,,1.0,,264
,,0.0125,0.01,,,,0.00023066924553612046,0.001,0.000625,,0.005,265
0.12906816601753235,1.0,,,0.054085467010736465,0,0.0,,,,1.0,,265
,,0.0125,0.01,,,,0.00023066391600645033,0.001,0.000625,,0.005,266
0.13413357734680176,1.0,,,0.046396903693675995,0,0.0,,,,1.0,,266
,,0.0125,0.01,,,,0.00023065858659991706,0.001,0.000625,,0.005,267
0.13008129596710205,1.0,,,0.04842483997344971,0,0.0,,,,1.0,,267
,,0.0125,0.01,,,,0.00023065325731651823,0.001,0.000625,,0.005,268
0.10434092581272125,1.0,,,0.011776846833527088,0,0.0,,,,1.0,,268
,,0.0125,0.01,,,,0.00023064792815624975,0.001,0.000625,,0.005,269
0.15740805864334106,1.0,,,0.09039316326379776,0,0.0,,,,1.0,,269
,,0.0125,0.01,,,,0.00023064259911911,0.001,0.000625,,0.005,270
0.15046384930610657,1.0,,,0.08443884551525116,0,0.0,,,,1.0,,270
,,0.0125,0.01,,,,0.0002306372702050957,0.001,0.000625,,0.005,271
0.15846967697143555,1.0,,,0.10424058884382248,0,0.0,,,,1.0,,271
,,0.0125,0.01,,,,0.00023063194141420407,0.001,0.000625,,0.005,272
0.12202803790569305,1.0,,,0.04740095138549805,0,0.0,,,,1.0,,272
,,0.0125,0.01,,,,0.0002306266127464322,0.001,0.000625,,0.005,273
0.1533401608467102,1.0,,,0.07488708198070526,0,0.0,,,,1.0,,273
,,0.0125,0.01,,,,0.0002306212842017773,0.001,0.000625,,0.005,274
0.13701295852661133,1.0,,,0.061890244483947754,0,0.0,,,,1.0,,274
,,0.0125,0.01,,,,0.0002306159557802365,0.001,0.000625,,0.005,275
0.12998080253601074,1.0,,,0.06369930505752563,0,0.0,,,,1.0,,275
,,0.0125,0.01,,,,0.00023061062748180695,0.001,0.000625,,0.005,276
0.1635763943195343,1.0,,,0.08137525618076324,0,0.0,,,,1.0,,276
,,0.0125,0.01,,,,0.0002306052993064858,0.001,0.000625,,0.005,277
0.14920328557491302,1.0,,,0.06582361459732056,0,0.0,,,,1.0,,277
,,0.0125,0.01,,,,0.00023059997125427024,0.001,0.000625,,0.005,278
0.14342132210731506,1.0,,,0.057400524616241455,0,0.0,,,,1.0,,278
,,0.0125,0.01,,,,0.000230594643325157,0.001,0.000625,,0.005,279
0.14088082313537598,1.0,,,0.0685497373342514,0,0.0,,,,1.0,,279
,,0.0125,0.01,,,,0.00023058931551914443,0.001,0.000625,,0.005,280
0.16089649498462677,1.0,,,0.08883282542228699,0,0.0,,,,1.0,,280
,,0.0125,0.01,,,,0.0002305839878362285,0.001,0.000625,,0.005,281
0.1721167117357254,1.0,,,0.10211238265037537,0,0.0,,,,1.0,,281
,,0.0125,0.01,,,,0.00023057866027640677,0.001,0.000625,,0.005,282
0.12988519668579102,1.0,,,0.044862616807222366,0,0.0,,,,1.0,,282
,,0.0125,0.01,,,,0.00023057333283967637,0.001,0.000625,,0.005,283
0.1661679446697235,1.0,,,0.100043386220932,0,0.0,,,,1.0,,283
,,0.0125,0.01,,,,0.0002305680055260341,0.001,0.000625,,0.005,284
0.16152207553386688,1.0,,,0.10879873484373093,0,0.0,,,,1.0,,284
,,0.0125,0.01,,,,0.00023056267833547784,0.001,0.000625,,0.005,285
0.13623100519180298,1.0,,,0.049253106117248535,0,0.0,,,,1.0,,285
,,0.0125,0.01,,,,0.00023055735126800483,0.001,0.000625,,0.005,286
0.10666513442993164,1.0,,,0.01996510475873947,0,0.0,,,,1.0,,286
,,0.0125,0.01,,,,0.0002305520243236114,0.001,0.000625,,0.005,287
0.10586602985858917,1.0,,,0.014910005033016205,0,0.0,,,,1.0,,287
